Zona;País;Tipo de producto;Prioridad;ID Pedido;Unidades
Europa;United Kingdom;Snacks;Crítica;242113196;5530
Europa;Malta;Cárnicos;Alta;190800607;994
Australia y Oceanía;Marshall Islands;Cereales;Crítica;765228068;6845
África;Iran;Frutas;Baja;232631909;9806
Centroamérica y Caribe;Guatemala;Alimento infantil;Media;530560958;3633
Centroamérica y Caribe;Grenada;Bebida;Baja;516876542;4110
Australia y Oceanía;Fiji;Snacks;Media;919752490;4056
África;Tunisia ;Cosméticos;Media;287675130;8319
Centroamérica y Caribe;Grenada;Cuidado personal;Crítica;839443290;8779
Australia y Oceanía;Australia;Material de oficina;Media;814168298;9347
Norteamérica;Greenland;Cosméticos;Alta;321273982;966
África;Angola;Snacks;Crítica;890496671;6609
África;Zambia;Bebida;Crítica;521885192;6281
África;Kenya;Verduras;Alta;435800874;2018
África;Azerbaijan;Frutas;Crítica;122917544;2888
África;Mozambique;Cuidado personal;Crítica;494221532;9989
Australia y Oceanía;Federated States of Micronesia;Cosméticos;Crítica;731011664;1451
Centroamérica y Caribe;Dominican Republic;Snacks;Crítica;534899270;7436
África;Libya;Material de oficina;Alta;577808177;5135
Asia;Uzbekistan;Material de oficina;Baja;251974713;3772
Asia;Sri Lanka;Cuidado personal;Media;819947707;9602
África;The Gambia;Cosméticos;Crítica;464588487;912
Asia;Myanmar;Snacks;Media;139070880;3019
Asia;Bhutan;Ropa;Crítica;416881215;3270
África;Mali;Verduras;Crítica;141818320;6047
África;Burundi;Cuidado personal;Alta;477993524;7761
África;Libya;Ropa;Alta;859830653;1852
África;Nigeria;Ropa;Crítica;342066037;3797
Europa;Norway;Doméstico;Crítica;749748504;6098
África;Kenya;Cosméticos;Media;828239381;3293
Australia y Oceanía;Papua New Guinea;Verduras;Alta;293212497;6948
Asia;North Korea;Cuidado personal;Baja;280654180;663
Europa;Montenegro;Ropa;Media;196863257;5067
Europa;Norway;Frutas;Alta;868451058;2822
África;Lesotho;Ropa;Baja;492341411;3619
Asia;Indonesia;Cárnicos;Alta;485770642;9183
África;Iraq;Bebida;Alta;536287581;8268
Asia;Singapore;Cereales;Crítica;851753556;1660
Asia;South Korea;Verduras;Media;810342395;7177
África;Lebanon;Doméstico;Baja;310540425;4668
Asia;Myanmar;Frutas;Alta;221146476;1011
Asia;Vietnam;Ropa;Alta;131271874;5120
África;Jordan;Frutas;Baja;600340449;2935
Australia y Oceanía;Palau;Material de oficina;Baja;908088529;2430
Centroamérica y Caribe;Antigua and Barbuda ;Cereales;Crítica;404564940;8611
Australia y Oceanía;Papua New Guinea;Cuidado personal;Baja;760131013;8513
Centroamérica y Caribe;El Salvador;Ropa;Media;115460574;6205
África;Republic of the Congo;Bebida;Baja;731539952;7783
Australia y Oceanía;Vanuatu;Cárnicos;Crítica;439667975;6379
Asia;Bangladesh;Ropa;Baja;291455972;7154
África;Burundi;Cereales;Baja;508827769;2299
África;South Sudan;Verduras;Media;934019696;6039
África;Mozambique;Bebida;Baja;579580581;9628
Centroamérica y Caribe;Saint Kitts and Nevis ;Cárnicos;Crítica;778371751;6353
África;Rwanda;Verduras;Media;233567035;6531
África;Rwanda;Bebida;Alta;868652760;2510
Europa;Moldova ;Verduras;Baja;177427756;3671
Europa;Austria;Cereales;Baja;674003350;1424
Europa;Spain;Ropa;Baja;442803370;4212
Asia;China;Alimento infantil;Crítica;788564145;2509
África;Qatar;Cosméticos;Media;386334502;3819
Europa;Georgia;Cuidado personal;Crítica;231475770;7679
Asia;Kazakhstan;Doméstico;Media;489661777;656
África;Namibia;Cuidado personal;Baja;946878850;1348
Centroamérica y Caribe;Jamaica;Cárnicos;Baja;559425818;5386
África;Syria;Verduras;Media;603914010;431
África;Tanzania;Frutas;Crítica;627267253;1174
África;Angola;Alimento infantil;Alta;696721875;4340
Asia;China;Cuidado personal;Baja;949826705;3684
Europa;Hungary;Cuidado personal;Baja;244443070;4991
Europa;Norway;Doméstico;Alta;208744800;1080
Australia y Oceanía;Australia;Cárnicos;Crítica;291218221;6798
África;Nigeria;Doméstico;Media;910662162;4025
Asia;Thailand;Material de oficina;Media;306187951;6674
Asia;Taiwan;Frutas;Alta;387219417;5685
Asia;India;Verduras;Baja;883492887;4033
Europa;Romania;Bebida;Baja;695057189;1723
Australia y Oceanía;East Timor;Cosméticos;Baja;142273652;790
Europa;Bosnia and Herzegovina;Cereales;Baja;515816104;303
Europa;Ireland;Cuidado personal;Baja;926670873;1359
Europa;Croatia;Doméstico;Baja;556136786;2089
África;Iraq;Alimento infantil;Baja;905825173;2653
Europa;Malta;Material de oficina;Crítica;847659862;245
Europa;Ireland;Cárnicos;Baja;673877179;4087
África;Madagascar;Alimento infantil;Baja;747025954;435
Europa;Austria;Cosméticos;Media;149967515;7575
África;Sierra Leone;Cuidado personal;Crítica;735875689;824
Europa;Netherlands;Material de oficina;Crítica;378236806;7531
Europa;Croatia;Cosméticos;Alta;620849692;2075
Centroamérica y Caribe;Trinidad and Tobago;Snacks;Baja;827825677;869
Asia;South Korea;Doméstico;Crítica;433588588;7353
Australia y Oceanía;Samoa ;Cárnicos;Alta;292874753;7003
Europa;Albania;Material de oficina;Baja;430733001;2322
África;Cape Verde;Frutas;Media;492524659;7846
Europa;Italy;Bebida;Baja;193923556;5145
Europa;Hungary;Bebida;Baja;670916020;7815
Asia;Maldives;Alimento infantil;Crítica;429800879;6486
África;Mali;Doméstico;Alta;297189462;3821
África;Yemen;Cuidado personal;Media;270005595;9511
Asia;North Korea;Snacks;Baja;865485608;5279
Asia;Uzbekistan;Cereales;Alta;871178328;9882
Europa;Latvia;Verduras;Baja;494945085;4104
Asia;Singapore;Snacks;Crítica;914959704;5764
Europa;Lithuania;Doméstico;Baja;229708516;4709
África;Senegal;Bebida;Alta;207990348;7821
África;South Sudan;Verduras;Crítica;438916528;4009
Europa;Bulgaria;Alimento infantil;Alta;581910884;9217
África;Seychelles ;Cárnicos;Alta;816709744;1417
Centroamérica y Caribe;Saint Kitts and Nevis ;Doméstico;Alta;493361937;5616
Centroamérica y Caribe;Saint Vincent and the Grenadines;Alimento infantil;Alta;382228791;8848
Europa;Andorra;Cosméticos;Baja;423984134;5182
África;Mali;Cárnicos;Crítica;179614293;716
África;Togo;Cuidado personal;Media;180418097;8579
Asia;Thailand;Cárnicos;Alta;578006875;3934
Europa;Moldova ;Doméstico;Alta;694304454;8972
Centroamérica y Caribe;Trinidad and Tobago;Alimento infantil;Alta;371547162;7917
Asia;Japan;Bebida;Media;422283828;2024
África;Central African Republic;Cereales;Crítica;379375779;4578
África;Azerbaijan;Cuidado personal;Baja;745996844;5899
África;Mauritania;Frutas;Baja;745633351;8333
Europa;Portugal;Snacks;Media;572084128;1261
África;Liberia;Bebida;Baja;939460504;6095
África;South Sudan;Frutas;Alta;832186305;1276
África;Cameroon;Frutas;Baja;654997861;7277
Centroamérica y Caribe;Cuba;Cárnicos;Baja;882943999;1605
África;Malawi;Frutas;Baja;711386048;3795
Australia y Oceanía;Tuvalu;Bebida;Baja;305997836;415
África;Burundi;Cárnicos;Alta;352765691;62
África;Liberia;Verduras;Crítica;707988440;8367
Asia;Turkmenistan;Verduras;Media;848277413;2992
África;Uganda;Doméstico;Media;320556437;8628
África;Lebanon;Alimento infantil;Alta;992061841;1999
Europa;Switzerland;Material de oficina;Media;300342452;6861
África;Kuwait;Verduras;Alta;703259599;8998
Asia;India;Ropa;Alta;228987109;1229
África;Angola;Cereales;Crítica;126011312;8402
Asia;Uzbekistan;Bebida;Crítica;813131034;2397
Europa;Latvia;Cuidado personal;Crítica;529457604;7126
África;Ghana;Cárnicos;Media;284414851;3530
Europa;Poland;Bebida;Crítica;707739102;4583
Asia;Mongolia;Cosméticos;Baja;699479186;290
Asia;Vietnam;Cereales;Crítica;579996430;2687
Europa;United Kingdom;Cereales;Baja;739964663;842
Australia y Oceanía;Vanuatu;Ropa;Baja;290370213;5854
África;Ethiopia;Frutas;Baja;212511909;5851
África;Niger;Frutas;Crítica;208001077;996
África;Central African Republic;Cuidado personal;Alta;948761546;8480
África;Cape Verde;Snacks;Crítica;927029645;7527
Norteamérica;United States of America;Cuidado personal;Crítica;505354201;4393
África;Sudan;Frutas;Crítica;566596543;7363
África;Republic of the Congo;Material de oficina;Crítica;263930499;1755
Australia y Oceanía;Federated States of Micronesia;Frutas;Crítica;170842397;4917
África;South Sudan;Frutas;Baja;931131064;1229
África;Cape Verde;Frutas;Media;108907830;7102
Australia y Oceanía;Palau;Doméstico;Alta;738596522;5979
África;Bahrain;Material de oficina;Baja;974933469;3333
África;Algeria;Material de oficina;Media;842967498;1670
África;Botswana;Cuidado personal;Crítica;888059937;5525
África;Seychelles ;Doméstico;Media;825884616;6466
África;The Gambia;Material de oficina;Alta;892427861;8091
África;Guinea-Bissau;Material de oficina;Baja;493988502;1030
África;Pakistan;Verduras;Baja;457177865;7945
África;Mauritania;Cárnicos;Media;778919780;8527
Asia;Thailand;Material de oficina;Alta;176450574;4501
África;Afghanistan;Cárnicos;Media;137319076;4621
África;The Gambia;Ropa;Baja;869386613;9673
África;Oman;Cárnicos;Baja;850827014;7476
África;Burkina Faso;Snacks;Alta;880126607;7876
África;Cameroon;Ropa;Media;926084220;7755
África;Burkina Faso;Cereales;Alta;577811181;6024
Europa;Serbia;Snacks;Alta;394731318;8624
África;Mauritius ;Doméstico;Crítica;556580960;3529
África;Liberia;Material de oficina;Crítica;413408935;5745
Europa;Latvia;Cuidado personal;Crítica;735576570;2308
Asia;China;Ropa;Media;563757693;7284
Australia y Oceanía;New Zealand;Verduras;Baja;358938634;6773
África;Sierra Leone;Snacks;Crítica;652418220;3904
Europa;Bulgaria;Material de oficina;Crítica;695807778;3839
África;Somalia;Material de oficina;Crítica;711031138;8769
Europa;Spain;Bebida;Alta;540324628;2919
Europa;Cyprus;Cereales;Media;996237075;7544
África;Namibia;Ropa;Media;711629807;5929
Norteamérica;Greenland;Cereales;Alta;189676654;8392
África;Rwanda;Doméstico;Baja;453863942;7281
Centroamérica y Caribe;The Bahamas;Material de oficina;Baja;797990500;1977
Europa;Germany;Bebida;Alta;136167657;3890
Europa;Cyprus;Bebida;Crítica;152819240;1464
Europa;Luxembourg;Snacks;Crítica;352681577;5171
Australia y Oceanía;Tuvalu;Cereales;Alta;310803496;2516
Europa;Bulgaria;Cosméticos;Baja;122546327;3036
Asia;Bangladesh;Frutas;Alta;853583896;3298
Centroamérica y Caribe;El Salvador;Cuidado personal;Alta;489902532;1901
Asia;China;Verduras;Media;687801063;4474
Asia;Mongolia;Cárnicos;Media;923890817;8678
Australia y Oceanía;Solomon Islands;Frutas;Alta;745095622;9207
África;Mauritania;Cosméticos;Baja;218651807;2783
Asia;South Korea;Verduras;Media;382108199;3162
Asia;Myanmar;Material de oficina;Baja;993326127;6130
África;Botswana;Cereales;Baja;980479419;4503
Europa;Portugal;Snacks;Crítica;692054402;3131
Europa;Spain;Verduras;Crítica;546849906;3894
África;Cote d'Ivoire;Bebida;Baja;583977258;703
Europa;Russia;Alimento infantil;Crítica;912860286;4499
Australia y Oceanía;Federated States of Micronesia;Ropa;Media;363235318;8257
África;The Gambia;Cárnicos;Alta;535151183;1982
Europa;Luxembourg;Frutas;Alta;848969209;7710
África;Liberia;Frutas;Crítica;795363223;4507
África;Burundi;Cosméticos;Crítica;385319554;3474
África;Syria;Cereales;Alta;600137031;2739
Norteamérica;United States of America;Ropa;Alta;241426980;2463
Asia;Japan;Alimento infantil;Baja;881113231;9840
Asia;Laos;Frutas;Baja;111432111;4093
Europa;Germany;Verduras;Crítica;994932448;1476
Norteamérica;Greenland;Cuidado personal;Crítica;814475572;276
Centroamérica y Caribe;Jamaica;Cárnicos;Alta;523235309;5810
Europa;Switzerland;Verduras;Media;694697988;5427
Europa;Sweden;Material de oficina;Media;172662436;3507
África;Liberia;Bebida;Media;121239984;6460
Australia y Oceanía;Kiribati;Alimento infantil;Media;874854457;7730
Europa;Malta;Cárnicos;Media;588242185;2789
Asia;Philippines;Cuidado personal;Baja;186451995;4144
África;Comoros;Alimento infantil;Baja;214845216;6329
Europa;Liechtenstein;Doméstico;Baja;389095675;912
África;Lebanon;Cereales;Baja;945189702;1492
Norteamérica;Greenland;Cereales;Crítica;389426124;8699
África;Chad;Cereales;Media;448416268;5193
Europa;Macedonia;Doméstico;Baja;219083964;668
África;United Arab Emirates;Cosméticos;Alta;218665540;6847
África;Qatar;Cereales;Alta;134709823;2485
África;Iraq;Verduras;Alta;175078141;8367
Europa;Kosovo;Material de oficina;Baja;617944324;2312
Asia;Bhutan;Cosméticos;Crítica;461794698;4168
Centroamérica y Caribe;Cuba;Ropa;Alta;575428092;815
Norteamérica;Mexico;Alimento infantil;Media;547955834;1163
África;Cote d'Ivoire;Bebida;Media;938801753;1156
África;Nigeria;Cereales;Alta;127702176;8767
Australia y Oceanía;Vanuatu;Material de oficina;Alta;164705932;9000
África;Kuwait;Verduras;Baja;920174348;8893
África;Namibia;Cárnicos;Media;534781253;2512
África;Egypt;Verduras;Baja;369512975;5955
África;Swaziland;Frutas;Crítica;955668342;2354
Centroamérica y Caribe;Antigua and Barbuda ;Cárnicos;Crítica;644858682;6869
Asia;Sri Lanka;Verduras;Alta;559007823;1692
Europa;Liechtenstein;Bebida;Media;540352094;1047
África;Angola;Material de oficina;Crítica;501440322;6189
Asia;Brunei;Doméstico;Crítica;875133836;404
Australia y Oceanía;Samoa ;Ropa;Crítica;364606463;4010
Australia y Oceanía;Marshall Islands;Frutas;Baja;893344533;9354
África;Democratic Republic of the Congo;Frutas;Crítica;855146872;5818
Australia y Oceanía;Tonga;Cosméticos;Crítica;964124810;4811
África;Mozambique;Snacks;Crítica;204702174;4777
África;Kuwait;Cárnicos;Media;781615293;6189
Europa;Romania;Bebida;Alta;469912993;6552
África;South Sudan;Cosméticos;Crítica;264956605;5402
Asia;Malaysia;Snacks;Crítica;332419955;9307
Centroamérica y Caribe;Costa Rica;Snacks;Media;458289372;6864
Europa;Croatia;Cuidado personal;Alta;498863685;3705
Asia;Nepal;Bebida;Baja;830754220;7490
Asia;Tajikistan;Alimento infantil;Alta;100884807;2911
Europa;Serbia;Cárnicos;Alta;176491773;6692
África;Angola;Cárnicos;Baja;295123946;2589
Asia;Japan;Cuidado personal;Baja;214642655;6386
Europa;Iceland;Cárnicos;Media;663221728;903
Europa;Cyprus;Ropa;Media;189347493;986
Australia y Oceanía;East Timor;Bebida;Alta;111818778;8516
Asia;Tajikistan;Material de oficina;Baja;469746911;7405
África;Somalia;Doméstico;Crítica;472555720;8594
Europa;Spain;Ropa;Alta;749981534;5057
Europa;Sweden;Cereales;Crítica;202073180;6799
África;Ethiopia;Doméstico;Baja;949191987;5857
Asia;Turkmenistan;Cuidado personal;Baja;682011783;1297
Europa;Malta;Ropa;Baja;311518895;4219
África;Malawi;Cosméticos;Baja;819012153;2751
Europa;Czech Republic;Material de oficina;Crítica;106102883;7056
Europa;Netherlands;Cárnicos;Media;644714915;4325
Europa;Sweden;Bebida;Baja;927084577;3783
África;Saudi Arabia;Verduras;Crítica;415760695;1684
África;Turkey;Cereales;Media;893604600;6314
Centroamérica y Caribe;Dominican Republic;Ropa;Baja;613790118;2991
Asia;Uzbekistan;Cuidado personal;Alta;149803578;9063
África;Kuwait;Snacks;Media;145443809;8910
Australia y Oceanía;Federated States of Micronesia;Ropa;Crítica;864822137;8943
Australia y Oceanía;Samoa ;Material de oficina;Alta;842362391;2606
África;Eritrea;Snacks;Baja;932800900;5370
Asia;Singapore;Alimento infantil;Alta;261186492;9742
África;Mauritania;Doméstico;Media;272880494;257
Asia;Bhutan;Ropa;Alta;683556735;8483
África;Republic of the Congo;Bebida;Baja;829201543;8018
Europa;Germany;Bebida;Media;116113746;9493
África;Tunisia ;Cereales;Media;270904672;5567
Asia;Myanmar;Cereales;Media;390498149;5935
Europa;Romania;Cosméticos;Media;992130506;2319
Europa;Greece;Snacks;Crítica;863350570;3474
África;Benin;Cosméticos;Baja;212019670;187
Centroamérica y Caribe;Jamaica;Material de oficina;Crítica;216311633;274
Europa;Liechtenstein;Doméstico;Alta;774712789;3585
Norteamérica;Greenland;Alimento infantil;Crítica;956021964;6999
Europa;Romania;Cosméticos;Alta;349350488;9428
Asia;China;Cosméticos;Alta;414122188;6813
Australia y Oceanía;East Timor;Doméstico;Baja;430073392;7129
Europa;Albania;Cuidado personal;Media;647252929;5380
Asia;Laos;Frutas;Alta;936022126;8602
África;Central African Republic;Material de oficina;Baja;337054812;864
Europa;Netherlands;Cárnicos;Crítica;211337316;8263
Australia y Oceanía;Solomon Islands;Snacks;Media;190168464;3929
África;Seychelles ;Ropa;Media;425159585;3024
Asia;Kazakhstan;Cárnicos;Baja;238234508;7740
Europa;Hungary;Cosméticos;Alta;371629559;2300
Asia;Laos;Alimento infantil;Baja;737893569;7960
África;Yemen;Ropa;Crítica;869887864;8005
Europa;Russia;Cuidado personal;Alta;370786273;2753
Asia;Philippines;Cereales;Alta;264075124;4552
Australia y Oceanía;Marshall Islands;Frutas;Baja;743553245;2783
África;Burkina Faso;Cuidado personal;Crítica;723331964;8857
Europa;Kosovo;Snacks;Media;987835109;1215
Asia;North Korea;Material de oficina;Alta;141799008;333
Asia;Bhutan;Snacks;Alta;460272490;3713
Europa;Switzerland;Material de oficina;Media;238616883;893
África;Libya;Cuidado personal;Alta;542506015;8440
Centroamérica y Caribe;Honduras;Verduras;Alta;257926213;4953
África;Benin;Alimento infantil;Media;141176307;6061
África;Egypt;Cárnicos;Media;568867623;9426
Europa;Cyprus;Bebida;Media;187923991;9740
África;Morocco;Cereales;Alta;865581738;3726
Europa;Estonia;Bebida;Alta;939389693;5140
Asia;South Korea;Alimento infantil;Crítica;167209184;9768
Asia;Vietnam;Cosméticos;Media;177214038;427
África;Syria;Snacks;Alta;417890584;1965
Europa;Luxembourg;Ropa;Baja;408037650;6263
Centroamérica y Caribe;Cuba;Cosméticos;Alta;186766564;7232
Asia;Maldives;Cárnicos;Alta;763501155;5813
Asia;Taiwan;Bebida;Media;967977750;4982
Europa;Bosnia and Herzegovina;Snacks;Crítica;600245177;4742
África;Afghanistan;Cosméticos;Baja;880664765;7129
Norteamérica;Canada;Cereales;Media;399910342;1212
África;Qatar;Cárnicos;Media;968968236;8088
Europa;Malta;Verduras;Baja;869137275;5889
África;Bahrain;Verduras;Crítica;702028787;4773
África;Zambia;Frutas;Baja;239566600;1935
Asia;Bangladesh;Ropa;Crítica;673987042;6598
África;Egypt;Cárnicos;Media;567838943;5017
Asia;Japan;Ropa;Crítica;803983628;5477
Centroamérica y Caribe;Jamaica;Cosméticos;Media;535594928;3296
África;Namibia;Alimento infantil;Media;336159169;5823
Australia y Oceanía;Federated States of Micronesia;Cárnicos;Crítica;849475181;7438
África;Iran;Ropa;Media;539654290;4552
Asia;Malaysia;Cereales;Alta;641120326;606
Asia;Tajikistan;Verduras;Crítica;208609616;1076
África;Iran;Cárnicos;Alta;167170989;8465
Australia y Oceanía;Samoa ;Cárnicos;Crítica;162165772;7311
África;Botswana;Cosméticos;Crítica;809267795;9179
Europa;Austria;Alimento infantil;Crítica;544463384;7669
África;Syria;Bebida;Alta;574051368;3411
África;Senegal;Frutas;Crítica;824643075;9066
África;Mauritius ;Cuidado personal;Media;393162333;4326
África;Cote d'Ivoire;Frutas;Alta;696845471;915
Centroamérica y Caribe;Belize;Ropa;Alta;523241317;7588
África;Morocco;Cereales;Baja;980211198;5131
Australia y Oceanía;Australia;Doméstico;Baja;545928943;1361
África;Senegal;Verduras;Baja;918880879;6127
Centroamérica y Caribe;Antigua and Barbuda ;Verduras;Alta;267865836;6308
Europa;Poland;Material de oficina;Alta;881995141;817
Europa;Kosovo;Cuidado personal;Crítica;620692622;5595
Asia;Malaysia;Cárnicos;Media;563694608;8616
Centroamérica y Caribe;Guatemala;Bebida;Alta;961049926;4885
Australia y Oceanía;Vanuatu;Material de oficina;Baja;783119904;1437
Centroamérica y Caribe;Nicaragua;Cuidado personal;Alta;870578372;2341
África;Lesotho;Snacks;Media;784411656;3695
Asia;Turkmenistan;Doméstico;Crítica;155918586;8629
África;Saudi Arabia;Cosméticos;Crítica;936710488;2304
Asia;Japan;Snacks;Media;648711192;6912
Europa;Latvia;Doméstico;Crítica;934157025;6678
Norteamérica;Greenland;Ropa;Crítica;805596816;2855
Centroamérica y Caribe;Costa Rica;Cereales;Alta;695891892;8730
Asia;Japan;Cuidado personal;Baja;208216083;4621
Europa;Cyprus;Cereales;Crítica;366055715;2875
África;Pakistan;Cárnicos;Baja;463209617;2874
Europa;Monaco;Cosméticos;Media;313789117;6028
Asia;China;Cereales;Crítica;702218043;779
Australia y Oceanía;New Zealand;Cárnicos;Alta;233232724;7601
Centroamérica y Caribe;Guatemala;Alimento infantil;Baja;281881988;3999
África;Libya;Snacks;Media;943527162;9509
Europa;Liechtenstein;Cárnicos;Media;583842074;699
África;Democratic Republic of the Congo;Alimento infantil;Alta;788813054;6167
Asia;Mongolia;Cuidado personal;Crítica;514738929;1543
Europa;Bosnia and Herzegovina;Frutas;Media;138231027;4487
Centroamérica y Caribe;Cuba;Cereales;Crítica;106213176;9694
Asia;Bhutan;Snacks;Media;485921704;3885
Asia;Laos;Material de oficina;Alta;514905440;817
Asia;Turkmenistan;Cuidado personal;Baja;851025712;6275
Australia y Oceanía;Papua New Guinea;Alimento infantil;Baja;422456347;3076
África;Qatar;Cosméticos;Alta;477683675;6069
Australia y Oceanía;Palau;Ropa;Baja;535506522;7135
Asia;Philippines;Cereales;Baja;635036218;184
Australia y Oceanía;Papua New Guinea;Cárnicos;Baja;885696589;6158
África;Liberia;Verduras;Baja;117223966;8031
África;Iran;Ropa;Alta;829667174;5809
Centroamérica y Caribe;Guatemala;Bebida;Crítica;643387544;1527
Australia y Oceanía;Tuvalu;Snacks;Baja;849058902;4252
Asia;Philippines;Material de oficina;Baja;557667577;5083
Asia;Singapore;Ropa;Crítica;750512397;2151
Asia;Laos;Verduras;Media;229204690;5616
Europa;Montenegro;Frutas;Alta;565668284;2671
Centroamérica y Caribe;Barbados;Snacks;Media;252139508;2538
África;Egypt;Snacks;Alta;551167190;1474
África;Sudan;Doméstico;Crítica;545612657;7765
África;Democratic Republic of the Congo;Snacks;Baja;288649737;6727
Centroamérica y Caribe;Cuba;Cuidado personal;Baja;353764760;5709
África;Ghana;Frutas;Media;484756553;9091
Europa;Poland;Bebida;Media;945736443;3285
África;Saudi Arabia;Bebida;Baja;271128261;1732
Centroamérica y Caribe;Barbados;Alimento infantil;Baja;215668332;9907
Europa;Bosnia and Herzegovina;Frutas;Alta;804405486;314
África;Lebanon;Cárnicos;Media;782701051;7489
Europa;Latvia;Doméstico;Crítica;766228854;3000
Australia y Oceanía;Australia;Frutas;Media;990975224;445
África;Jordan;Cereales;Media;863238990;455
Europa;United Kingdom;Cuidado personal;Media;309631478;5690
Centroamérica y Caribe;Haiti;Verduras;Baja;227076518;5843
Asia;South Korea;Cuidado personal;Crítica;232810437;2637
África;Niger;Bebida;Crítica;914382064;4827
África;Mozambique;Verduras;Crítica;679652726;3200
Europa;Armenia;Cereales;Baja;706796252;5572
Europa;Iceland;Frutas;Media;894298970;1793
Centroamérica y Caribe;Panama;Bebida;Baja;310959708;8743
Europa;Switzerland;Bebida;Baja;345889794;5331
África;Mauritius ;Frutas;Alta;658513057;7502
Europa;Andorra;Material de oficina;Media;528565824;3228
Asia;Bangladesh;Material de oficina;Alta;206096923;7514
Australia y Oceanía;Tonga;Ropa;Baja;461467683;7397
Centroamérica y Caribe;Jamaica;Bebida;Alta;335351932;6944
África;Israel;Verduras;Media;288735997;2253
Europa;France;Cuidado personal;Crítica;852918708;6454
África;Benin;Snacks;Crítica;379511392;4709
Asia;Philippines;Verduras;Media;890437877;9210
Europa;Slovakia;Frutas;Alta;427934491;4180
Asia;Laos;Doméstico;Alta;704550063;875
Australia y Oceanía;Nauru;Cárnicos;Crítica;353145921;2580
África;Benin;Snacks;Media;776895892;9614
Centroamérica y Caribe;Guatemala;Verduras;Crítica;299286305;4323
Centroamérica y Caribe;Belize;Snacks;Alta;914115989;6090
África;Tunisia ;Alimento infantil;Crítica;635496270;6323
África;Republic of the Congo;Cárnicos;Alta;247850978;3467
Australia y Oceanía;Kiribati;Ropa;Baja;155916440;7994
Europa;Albania;Verduras;Baja;834741485;7410
Australia y Oceanía;Palau;Cárnicos;Baja;579687440;1250
África;Angola;Cuidado personal;Alta;456428134;6083
África;Swaziland;Snacks;Media;250949895;505
Centroamérica y Caribe;Barbados;Verduras;Baja;719551551;149
Europa;Sweden;Cosméticos;Crítica;438844430;2674
África;Zambia;Verduras;Crítica;755752360;2773
África;Sierra Leone;Ropa;Crítica;837511670;7169
África;Sierra Leone;Cosméticos;Media;821671187;9619
Europa;Andorra;Verduras;Media;466092240;5906
África;Seychelles ;Alimento infantil;Media;498948657;8850
Europa;Andorra;Doméstico;Baja;368726766;3299
Centroamérica y Caribe;Costa Rica;Bebida;Baja;494225394;1132
África;Burundi;Cosméticos;Baja;914555871;6261
Australia y Oceanía;Fiji;Ropa;Media;839142024;9627
Norteamérica;Canada;Bebida;Media;897720181;4206
Asia;Philippines;Bebida;Crítica;890339171;1
Asia;Turkmenistan;Snacks;Baja;237360322;9049
Europa;Ukraine;Ropa;Alta;229457461;417
Asia;Indonesia;Cuidado personal;Media;877616918;5203
África;Sao Tome and Principe;Verduras;Baja;463137519;1539
Asia;Indonesia;Cuidado personal;Crítica;487630593;9584
Asia;India;Verduras;Crítica;723019969;6531
África;Israel;Alimento infantil;Media;561541974;1604
África;Qatar;Verduras;Alta;365745437;1057
África;Liberia;Doméstico;Alta;118491685;3178
África;South Sudan;Doméstico;Alta;772954547;3282
Europa;Latvia;Verduras;Media;202620351;8719
Centroamérica y Caribe;Saint Lucia;Frutas;Baja;851287925;3869
África;Mali;Verduras;Crítica;283068597;5143
Europa;Portugal;Bebida;Media;632386195;5983
Asia;Malaysia;Snacks;Crítica;953977048;1863
Europa;Spain;Cosméticos;Baja;372889983;5287
Europa;Slovenia;Ropa;Media;334486329;793
África;Jordan;Verduras;Media;554439914;9946
Centroamérica y Caribe;Honduras;Doméstico;Media;368737065;6347
África;Lebanon;Material de oficina;Baja;983676612;624
África;Tunisia ;Cereales;Media;525869882;5439
Europa;Romania;Frutas;Alta;792240703;484
Europa;Netherlands;Cereales;Alta;500025403;7483
África;Azerbaijan;Frutas;Baja;236772811;5191
Europa;Slovenia;Doméstico;Media;210344254;4394
África;Chad;Ropa;Crítica;698913562;2909
Australia y Oceanía;Nauru;Verduras;Media;700967061;585
África;Kenya;Ropa;Baja;185303580;4302
Centroamérica y Caribe;Jamaica;Cuidado personal;Alta;541034448;2971
Europa;Bosnia and Herzegovina;Alimento infantil;Baja;527583491;2534
Centroamérica y Caribe;Antigua and Barbuda ;Cuidado personal;Crítica;324687039;965
Europa;Romania;Cosméticos;Media;182393920;3269
Asia;Kazakhstan;Frutas;Crítica;871065461;6482
África;Burkina Faso;Material de oficina;Alta;531375491;4671
Centroamérica y Caribe;Saint Lucia;Cereales;Baja;524310338;3935
Centroamérica y Caribe;Jamaica;Snacks;Alta;481168830;7404
África;Bahrain;Doméstico;Media;553562295;239
África;Pakistan;Cereales;Crítica;963414561;4633
Centroamérica y Caribe;Saint Lucia;Cereales;Baja;652961957;4808
África;Angola;Snacks;Crítica;434753310;2021
Europa;Kosovo;Cosméticos;Baja;741649949;9556
Europa;Georgia;Frutas;Baja;276825702;7732
Australia y Oceanía;Nauru;Doméstico;Media;963766896;8896
Australia y Oceanía;Solomon Islands;Material de oficina;Baja;296272361;2430
Asia;Thailand;Alimento infantil;Crítica;788453423;9744
Europa;Russia;Cereales;Media;524733912;9280
Australia y Oceanía;Samoa ;Frutas;Media;809850156;1513
Australia y Oceanía;Vanuatu;Snacks;Baja;318850982;3946
África;Lesotho;Frutas;Alta;947097718;6116
Australia y Oceanía;Solomon Islands;Bebida;Alta;160264194;4591
Asia;Taiwan;Snacks;Crítica;444336736;7969
Asia;Singapore;Verduras;Baja;755614173;1880
África;Ghana;Verduras;Media;570707833;3985
Europa;Belarus;Bebida;Alta;336541545;8977
África;Lesotho;Snacks;Crítica;120351636;3578
África;Democratic Republic of the Congo;Cereales;Crítica;959686934;1545
Europa;San Marino;Frutas;Baja;812408769;8663
África;Mauritius ;Frutas;Media;406690967;7749
Europa;Kosovo;Verduras;Media;991019856;3653
África;Tunisia ;Verduras;Alta;284194266;8254
Europa;Czech Republic;Material de oficina;Alta;125325524;5463
Australia y Oceanía;Federated States of Micronesia;Cosméticos;Baja;623837459;6222
Europa;Estonia;Doméstico;Media;609466397;3506
Asia;Nepal;Frutas;Baja;782261168;7318
África;Democratic Republic of the Congo;Bebida;Media;562583100;9696
Asia;Singapore;Snacks;Alta;341106021;9707
Asia;India;Bebida;Alta;128816258;8448
África;Angola;Cereales;Media;907012641;4051
Asia;Kyrgyzstan;Alimento infantil;Crítica;577306497;6676
África;Burundi;Doméstico;Crítica;711621654;3516
África;South Africa;Material de oficina;Media;702194440;3794
Europa;Georgia;Cereales;Baja;911573684;3765
África;The Gambia;Bebida;Baja;422620713;1715
Asia;Nepal;Doméstico;Crítica;188509356;2963
Europa;Albania;Verduras;Media;782725942;4855
Centroamérica y Caribe;Dominica;Material de oficina;Crítica;149069297;1772
África;Oman;Bebida;Media;351650750;126
África;Ethiopia;Cereales;Media;824894130;3359
Centroamérica y Caribe;Saint Kitts and Nevis ;Bebida;Alta;623535764;6944
África;The Gambia;Verduras;Media;672624480;3386
África;Rwanda;Cosméticos;Media;617521607;7221
Asia;Japan;Frutas;Crítica;173900973;17
Europa;Ireland;Verduras;Baja;477748906;5373
Europa;Andorra;Alimento infantil;Media;935364234;3918
Asia;Kazakhstan;Snacks;Crítica;573358285;8313
Europa;Italy;Verduras;Alta;288654887;8251
África;Tanzania;Snacks;Baja;598490369;5455
Centroamérica y Caribe;Antigua and Barbuda ;Ropa;Crítica;290413558;8680
África;Qatar;Cosméticos;Media;472285783;8713
África;Jordan;Cárnicos;Media;522280871;3371
Centroamérica y Caribe;El Salvador;Doméstico;Baja;338885152;2502
Australia y Oceanía;Tonga;Doméstico;Baja;790897452;2986
África;Madagascar;Cárnicos;Alta;567429101;3735
África;Seychelles ;Alimento infantil;Media;227903926;691
África;Swaziland;Bebida;Media;852058255;1827
Australia y Oceanía;Tonga;Cereales;Crítica;889940917;2149
África;Azerbaijan;Bebida;Media;211913239;8692
África;Madagascar;Cereales;Crítica;558649051;5523
África;Iran;Alimento infantil;Alta;591134679;8743
Australia y Oceanía;New Zealand;Cosméticos;Baja;840668952;1479
África;Democratic Republic of the Congo;Doméstico;Crítica;558863198;8894
Europa;Lithuania;Alimento infantil;Baja;867641246;3180
África;Seychelles ;Cereales;Baja;709239423;8561
Europa;Croatia;Cereales;Crítica;896206557;6291
África;Swaziland;Alimento infantil;Crítica;961403977;9656
Asia;Singapore;Snacks;Alta;508005511;8975
Europa;Germany;Frutas;Crítica;559497487;6595
Europa;Norway;Cosméticos;Baja;409678733;1896
Asia;Malaysia;Cosméticos;Media;772660577;6290
Europa;Austria;Bebida;Crítica;632866847;8219
Asia;Malaysia;Snacks;Media;395033872;8156
África;Lesotho;Cuidado personal;Alta;534210479;3607
África;Benin;Frutas;Alta;245757997;4107
Europa;Greece;Material de oficina;Baja;595350253;6225
Europa;Lithuania;Cereales;Baja;468973577;8558
África;Comoros;Cárnicos;Alta;622926795;6736
Asia;Myanmar;Doméstico;Media;533821237;8421
África;Ethiopia;Cuidado personal;Baja;648580729;8306
África;Guinea;Cereales;Crítica;134441602;3112
Centroamérica y Caribe;Saint Lucia;Cosméticos;Baja;928952682;6597
África;Eritrea;Material de oficina;Media;989975297;4545
África;Niger;Cuidado personal;Baja;145683276;9774
Centroamérica y Caribe;Barbados;Cosméticos;Media;544562947;7132
Australia y Oceanía;Tonga;Snacks;Crítica;805413138;8501
Asia;Indonesia;Bebida;Baja;967345178;7789
Asia;Indonesia;Ropa;Alta;239782893;5941
África;Lebanon;Cuidado personal;Crítica;152462613;5930
África;Afghanistan;Ropa;Crítica;505433166;7760
Europa;Hungary;Frutas;Baja;719055879;3468
África;Gabon;Cosméticos;Media;284004580;2121
Asia;Mongolia;Material de oficina;Media;111265599;4818
Norteamérica;Canada;Alimento infantil;Baja;282137763;9689
África;Afghanistan;Doméstico;Alta;498232400;6894
Europa;Liechtenstein;Cereales;Media;531473338;3626
Centroamérica y Caribe;Honduras;Alimento infantil;Crítica;674096906;9109
Norteamérica;Mexico;Alimento infantil;Alta;388651931;9598
África;Liberia;Material de oficina;Media;557999742;3378
Europa;Ireland;Snacks;Alta;335314166;5768
África;Morocco;Cárnicos;Crítica;294081532;4115
Centroamérica y Caribe;Dominica;Ropa;Media;178100669;2801
África;Cameroon;Doméstico;Media;251482903;8234
Asia;Nepal;Cárnicos;Baja;848652064;3860
Europa;Albania;Cereales;Crítica;124344480;5150
Asia;Maldives;Cuidado personal;Baja;803608977;4609
África;Turkey;Ropa;Alta;731806886;6775
Australia y Oceanía;New Zealand;Verduras;Crítica;524612033;3213
África;Lebanon;Cereales;Alta;418010747;7524
Europa;Luxembourg;Ropa;Baja;718301856;336
África;Togo;Ropa;Media;452096688;4311
Europa;Hungary;Cuidado personal;Alta;516319072;9142
Europa;Lithuania;Doméstico;Baja;528205335;6551
Asia;Bangladesh;Material de oficina;Media;175304305;5294
Asia;China;Bebida;Baja;565477311;6157
África;Equatorial Guinea;Cárnicos;Media;176898181;6958
Europa;Belgium;Cereales;Media;708053243;7544
África;Turkey;Snacks;Alta;327741324;4796
Asia;Indonesia;Cuidado personal;Media;425073754;7625
Europa;Russia;Frutas;Baja;659474360;1973
Europa;Armenia;Cárnicos;Media;310679471;5814
Centroamérica y Caribe;Belize;Cosméticos;Crítica;528737914;4153
Europa;Finland;Snacks;Alta;284011018;4026
Australia y Oceanía;Samoa ;Alimento infantil;Baja;417172610;9501
África;The Gambia;Cosméticos;Crítica;489209020;6675
Europa;Greece;Doméstico;Baja;131419074;8679
Europa;Finland;Bebida;Crítica;395414102;674
Centroamérica y Caribe;Trinidad and Tobago;Cereales;Baja;603117930;4853
Asia;Vietnam;Frutas;Baja;596766889;5439
Asia;Indonesia;Cuidado personal;Media;288909804;3686
Europa;Norway;Cereales;Media;112408006;2882
África;Zimbabwe;Cuidado personal;Crítica;570435321;3343
África;Namibia;Alimento infantil;Crítica;886478078;7418
Australia y Oceanía;Tonga;Cereales;Alta;354335105;4487
Asia;Malaysia;Cárnicos;Crítica;588117730;5960
África;Egypt;Bebida;Crítica;572249782;282
África;Saudi Arabia;Doméstico;Baja;711467587;7924
Centroamérica y Caribe;Panama;Material de oficina;Crítica;580819976;6393
Centroamérica y Caribe;Haiti;Material de oficina;Media;275668275;5223
África;Mauritania;Cereales;Alta;861686313;983
África;The Gambia;Cárnicos;Crítica;324860417;2271
Europa;Ireland;Snacks;Crítica;321489417;4718
Europa;San Marino;Cosméticos;Baja;328184640;5983
África;United Arab Emirates;Material de oficina;Baja;791869914;760
África;Mauritania;Cuidado personal;Media;879781568;5771
Centroamérica y Caribe;Nicaragua;Cárnicos;Crítica;729468429;4773
Asia;Malaysia;Ropa;Alta;998791825;3551
África;Zambia;Cosméticos;Alta;615925586;4923
África;Malawi;Frutas;Baja;829356038;3737
África;Lesotho;Cuidado personal;Alta;257882010;1872
África;Malawi;Cárnicos;Baja;740614831;3241
África;Iraq;Cárnicos;Crítica;586978328;8786
Asia;Turkmenistan;Doméstico;Media;426708829;1480
África;United Arab Emirates;Material de oficina;Baja;959855163;1328
Asia;Maldives;Doméstico;Alta;706778657;366
Europa;Romania;Doméstico;Crítica;958153140;7661
África;Lebanon;Cosméticos;Crítica;824964940;4313
Europa;Portugal;Cosméticos;Alta;388512885;8451
Europa;Bosnia and Herzegovina;Material de oficina;Crítica;250408303;236
África;Iraq;Snacks;Crítica;182575023;6861
Europa;Moldova ;Ropa;Crítica;477249372;7549
África;Liberia;Cereales;Alta;596980178;8556
África;Sudan;Alimento infantil;Baja;524628770;8166
África;Democratic Republic of the Congo;Cosméticos;Media;313368976;1698
África;Morocco;Snacks;Media;536687123;6501
Centroamérica y Caribe;Saint Vincent and the Grenadines;Frutas;Media;938382041;6954
África;Pakistan;Doméstico;Baja;882565057;9468
Europa;Sweden;Cereales;Alta;703659999;7485
Australia y Oceanía;Palau;Cuidado personal;Crítica;356403195;6480
Europa;Poland;Cereales;Crítica;765843474;8958
África;Equatorial Guinea;Cárnicos;Crítica;677342164;9453
Australia y Oceanía;Kiribati;Doméstico;Media;706573092;9535
Asia;Myanmar;Cereales;Crítica;189522588;2800
Centroamérica y Caribe;Haiti;Doméstico;Crítica;332489478;9880
África;Mauritius ;Snacks;Media;162085092;3435
Europa;Luxembourg;Cereales;Crítica;575233256;3158
Australia y Oceanía;Tonga;Ropa;Baja;289170300;773
Europa;Ukraine;Verduras;Alta;791445052;5033
África;Sudan;Snacks;Alta;489918839;6727
Europa;France;Doméstico;Baja;562765491;3669
Asia;Laos;Ropa;Media;908471333;5711
Centroamérica y Caribe;Dominica;Cosméticos;Crítica;595835196;9730
Europa;Estonia;Snacks;Alta;113968408;4639
África;Afghanistan;Cuidado personal;Crítica;922294795;6380
África;Eritrea;Frutas;Crítica;500550687;2926
África;Oman;Cárnicos;Alta;898784911;9283
Centroamérica y Caribe;Cuba;Snacks;Media;187358796;2486
África;Oman;Cereales;Crítica;106946170;6603
Europa;Luxembourg;Material de oficina;Alta;218533360;7733
África;Namibia;Material de oficina;Baja;153419196;9004
Asia;India;Frutas;Alta;963215005;5580
Australia y Oceanía;Palau;Verduras;Alta;169844615;9651
Europa;Serbia;Cuidado personal;Alta;315544354;5441
África;Mauritania;Verduras;Crítica;412863051;4206
Asia;Maldives;Frutas;Alta;894662034;9232
África;Liberia;Cuidado personal;Crítica;464115130;836
Europa;Greece;Bebida;Media;144708669;1366
Centroamérica y Caribe;Dominica;Frutas;Baja;130241477;202
Asia;Vietnam;Cereales;Crítica;234824883;8756
Asia;Sri Lanka;Cereales;Alta;342882716;5470
Europa;Portugal;Doméstico;Media;859151303;818
Norteamérica;United States of America;Cárnicos;Crítica;458679473;2304
Centroamérica y Caribe;Jamaica;Snacks;Crítica;136828553;9464
Europa;Cyprus;Alimento infantil;Alta;959272372;8867
África;Iran;Cereales;Media;911997258;9110
Asia;Sri Lanka;Verduras;Crítica;751302039;5824
Australia y Oceanía;East Timor;Snacks;Media;853798043;6669
África;Niger;Cárnicos;Crítica;766409099;6338
Australia y Oceanía;Australia;Frutas;Media;556371533;1555
África;Botswana;Alimento infantil;Media;361234176;6075
Europa;Portugal;Frutas;Media;838858354;5683
Asia;South Korea;Bebida;Alta;917417895;3197
Asia;Philippines;Cárnicos;Media;945399129;3466
Centroamérica y Caribe;Saint Vincent and the Grenadines;Cárnicos;Baja;441600883;8369
Centroamérica y Caribe;Panama;Verduras;Crítica;345134484;1818
Europa;Italy;Cárnicos;Crítica;765423762;4756
Asia;Tajikistan;Alimento infantil;Media;532205045;154
Europa;Montenegro;Verduras;Media;345527160;8020
África;Sao Tome and Principe;Verduras;Crítica;525751435;388
África;Somalia;Verduras;Baja;563551700;6326
Europa;Italy;Alimento infantil;Baja;469914281;6933
Europa;Poland;Cárnicos;Alta;326138007;339
Europa;Ukraine;Material de oficina;Crítica;733834207;6704
Asia;Cambodia;Doméstico;Crítica;564926707;3221
Europa;Bosnia and Herzegovina;Ropa;Crítica;111651837;9115
Asia;Philippines;Verduras;Media;636558425;639
Asia;Japan;Snacks;Alta;322507798;6079
Asia;Turkmenistan;Ropa;Alta;122673785;754
Europa;Andorra;Verduras;Media;610542714;2012
África;Kenya;Alimento infantil;Baja;629913413;4232
África;Mozambique;Ropa;Alta;444897210;3826
Australia y Oceanía;Solomon Islands;Snacks;Alta;389917933;4236
África;Democratic Republic of the Congo;Cosméticos;Alta;419711911;936
África;Uganda;Ropa;Baja;559327971;6431
Europa;Albania;Material de oficina;Alta;454127442;5257
Australia y Oceanía;Samoa ;Cereales;Crítica;719784152;8981
Asia;Indonesia;Verduras;Alta;692284429;1201
África;South Africa;Snacks;Baja;677927100;2549
África;Malawi;Cereales;Baja;603323495;5684
Europa;United Kingdom;Ropa;Baja;465397441;300
Centroamérica y Caribe;Jamaica;Alimento infantil;Alta;781385266;8119
Asia;Nepal;Material de oficina;Media;338835799;7898
África;Mali;Alimento infantil;Crítica;245610368;421
Asia;China;Alimento infantil;Alta;779882800;3506
África;Togo;Cuidado personal;Baja;940139424;7002
Australia y Oceanía;Solomon Islands;Doméstico;Alta;695179069;7790
África;Central African Republic;Frutas;Crítica;534113061;4779
África;Swaziland;Cosméticos;Baja;116365230;3912
África;United Arab Emirates;Cereales;Media;521671903;3164
Australia y Oceanía;Fiji;Bebida;Baja;200081908;7538
África;Swaziland;Cosméticos;Crítica;821956574;4071
Europa;Vatican City;Verduras;Alta;527969729;6830
Asia;Thailand;Bebida;Baja;679107701;1915
Europa;Georgia;Verduras;Alta;906669318;2454
África;Guinea-Bissau;Snacks;Baja;462265908;3610
Europa;Estonia;Snacks;Baja;467821300;7573
África;Swaziland;Cosméticos;Alta;765571820;8569
Centroamérica y Caribe;Trinidad and Tobago;Cosméticos;Crítica;368066298;7852
África;Ghana;Doméstico;Media;608166062;8707
África;Djibouti;Ropa;Alta;189044940;1454
Australia y Oceanía;New Zealand;Cereales;Crítica;134189260;8439
África;Syria;Cuidado personal;Baja;637397849;9043
Europa;Albania;Ropa;Alta;612782037;4677
Asia;Taiwan;Material de oficina;Crítica;844765651;3783
África;Ethiopia;Bebida;Media;838085019;6836
Europa;United Kingdom;Snacks;Media;167788970;1340
África;Cape Verde;Material de oficina;Baja;729238831;6830
África;Tanzania;Alimento infantil;Media;888108432;9876
Centroamérica y Caribe;Trinidad and Tobago;Snacks;Alta;430384099;9074
África;Togo;Cereales;Alta;112364661;55
Europa;Montenegro;Doméstico;Alta;310661447;480
Europa;Russia;Ropa;Media;572198283;5042
Asia;Nepal;Cereales;Media;964211499;464
África;Kenya;Doméstico;Alta;724249923;501
África;Zimbabwe;Alimento infantil;Crítica;510174882;940
África;Turkey;Bebida;Alta;150160205;4596
Europa;Portugal;Bebida;Media;892692220;6320
Centroamérica y Caribe;Costa Rica;Doméstico;Media;456569755;7991
Norteamérica;Canada;Material de oficina;Media;680904138;3520
Centroamérica y Caribe;Trinidad and Tobago;Doméstico;Media;775119197;3850
África;Iran;Cárnicos;Baja;468951261;1954
África;Burundi;Material de oficina;Baja;462449157;7837
África;Cameroon;Cosméticos;Alta;175974214;3535
Asia;Maldives;Cosméticos;Baja;900200259;8116
Centroamérica y Caribe;Nicaragua;Cereales;Crítica;846113622;2678
Europa;Ukraine;Alimento infantil;Alta;995013129;5351
África;Madagascar;Cuidado personal;Crítica;148510110;6297
Australia y Oceanía;Australia;Ropa;Media;778528392;2707
África;Somalia;Bebida;Media;477304303;3805
Europa;San Marino;Snacks;Alta;507386672;5846
África;Turkey;Snacks;Crítica;851636826;7117
Centroamérica y Caribe;Grenada;Cárnicos;Alta;663228595;2934
Europa;Lithuania;Cereales;Baja;515648305;647
Australia y Oceanía;Papua New Guinea;Bebida;Alta;152694785;4635
Europa;Serbia;Cereales;Alta;738479363;1309
Europa;Ukraine;Snacks;Media;807425868;4112
Norteamérica;Greenland;Bebida;Crítica;314270627;8517
Europa;Lithuania;Doméstico;Baja;184062469;7030
África;South Sudan;Cuidado personal;Baja;962162721;4185
Asia;Maldives;Ropa;Crítica;564245212;1552
Asia;Kazakhstan;Doméstico;Media;126296269;2728
África;Kuwait;Cosméticos;Baja;854614722;8343
África;Rwanda;Cuidado personal;Alta;875811898;1058
África;Cameroon;Cuidado personal;Crítica;186811625;566
Europa;Czech Republic;Cárnicos;Crítica;204850232;8591
África;Equatorial Guinea;Doméstico;Crítica;617476546;3887
África;Liberia;Frutas;Crítica;732551896;7240
África;The Gambia;Cuidado personal;Alta;828250110;6468
África;Liberia;Cuidado personal;Media;803057515;1419
Europa;Monaco;Material de oficina;Media;625772941;8974
Asia;Thailand;Snacks;Alta;785507714;8043
África;Cape Verde;Bebida;Crítica;941685664;4569
África;Rwanda;Frutas;Media;374043118;6526
África;Chad;Cuidado personal;Media;232628905;8917
África;Turkey;Cuidado personal;Baja;387804353;8781
África;Tanzania;Ropa;Crítica;780243289;183
África;Togo;Cuidado personal;Media;970932042;9222
Australia y Oceanía;Marshall Islands;Cárnicos;Alta;591169440;9029
Centroamérica y Caribe;Cuba;Doméstico;Baja;692566812;4765
África;Guinea-Bissau;Material de oficina;Baja;597047984;8621
Europa;Georgia;Bebida;Alta;146849286;4822
Centroamérica y Caribe;The Bahamas;Frutas;Alta;154519546;4622
Europa;Ukraine;Frutas;Crítica;152920091;1308
África;Djibouti;Cereales;Crítica;645224750;5197
Centroamérica y Caribe;Honduras;Material de oficina;Crítica;854919850;8637
Australia y Oceanía;Palau;Cereales;Crítica;975804221;1008
Europa;Portugal;Doméstico;Baja;821989190;3723
África;Iraq;Alimento infantil;Baja;277898585;5222
Asia;Philippines;Verduras;Baja;648268735;5979
Centroamérica y Caribe;Barbados;Frutas;Crítica;608148467;3501
África;Mozambique;Cereales;Baja;252899110;7321
Europa;Vatican City;Frutas;Alta;648194491;4009
África;Kuwait;Snacks;Alta;680020940;2163
África;Gabon;Alimento infantil;Crítica;204677283;7411
Asia;Brunei;Ropa;Media;498774850;7417
África;Iran;Frutas;Alta;209237468;6871
Europa;Czech Republic;Cosméticos;Crítica;303301465;2498
Australia y Oceanía;Nauru;Cárnicos;Alta;918515670;8053
Europa;Monaco;Snacks;Baja;912741410;9321
Europa;Vatican City;Cereales;Baja;114152514;9121
África;Swaziland;Cuidado personal;Baja;671235311;2300
Centroamérica y Caribe;Barbados;Alimento infantil;Media;302788627;738
Europa;Slovakia;Cuidado personal;Media;847923791;8347
Australia y Oceanía;Tuvalu;Alimento infantil;Alta;616064631;6070
Europa;Austria;Frutas;Media;236947476;6879
Australia y Oceanía;Tonga;Doméstico;Alta;410621154;779
Centroamérica y Caribe;Dominica;Frutas;Baja;557446992;9807
Australia y Oceanía;Samoa ;Cosméticos;Alta;168098819;3031
Australia y Oceanía;Kiribati;Verduras;Alta;153562963;1548
Centroamérica y Caribe;Panama;Ropa;Baja;595138251;3489
Asia;Uzbekistan;Alimento infantil;Baja;294436013;9014
África;Swaziland;Alimento infantil;Crítica;823380076;5317
África;Saudi Arabia;Frutas;Alta;674206769;1620
África;Zambia;Material de oficina;Alta;209464919;4179
Norteamérica;Greenland;Alimento infantil;Alta;312015855;1280
Asia;Turkmenistan;Cárnicos;Baja;135033404;8240
Centroamérica y Caribe;El Salvador;Alimento infantil;Media;252003896;2408
África;Pakistan;Alimento infantil;Alta;406726157;8163
África;Libya;Cuidado personal;Media;863311517;1917
Asia;Taiwan;Bebida;Crítica;156183803;7113
Europa;Macedonia;Bebida;Baja;940079343;9223
Australia y Oceanía;Solomon Islands;Doméstico;Alta;540046966;753
Norteamérica;Mexico;Bebida;Media;401447999;6239
África;Somalia;Cuidado personal;Alta;239956271;7248
Asia;Taiwan;Frutas;Media;291558110;7379
Centroamérica y Caribe;Cuba;Doméstico;Crítica;862552344;7261
Australia y Oceanía;Federated States of Micronesia;Frutas;Crítica;979550302;9557
Australia y Oceanía;Australia;Doméstico;Alta;639475810;3958
Asia;Myanmar;Cereales;Alta;359565198;2187
Europa;Montenegro;Cereales;Baja;727367293;3001
África;Nigeria;Ropa;Media;150743424;7184
Centroamérica y Caribe;The Bahamas;Verduras;Alta;707867419;2555
África;Ethiopia;Snacks;Alta;497225606;8961
Australia y Oceanía;Nauru;Verduras;Alta;387616813;3283
Centroamérica y Caribe;Haiti;Doméstico;Baja;868152368;4433
Centroamérica y Caribe;Antigua and Barbuda ;Snacks;Alta;698256099;8351
Europa;Slovenia;Cárnicos;Baja;957664334;3013
Norteamérica;Greenland;Material de oficina;Baja;996425902;3422
África;Burundi;Cosméticos;Crítica;684902131;6615
Europa;Czech Republic;Material de oficina;Alta;863766849;6660
África;Equatorial Guinea;Material de oficina;Media;194006383;9655
Centroamérica y Caribe;Dominican Republic;Ropa;Alta;106919562;8729
Europa;Poland;Cuidado personal;Crítica;754117715;9045
Europa;Albania;Frutas;Crítica;557524669;2794
África;Sudan;Snacks;Baja;259376752;4200
Norteamérica;Canada;Cárnicos;Baja;672222793;4517
Europa;Czech Republic;Cereales;Baja;428924119;7033
África;Madagascar;Doméstico;Crítica;932654559;2065
Europa;Estonia;Bebida;Alta;506900441;1960
África;Ethiopia;Ropa;Media;245460593;6099
África;Republic of the Congo;Snacks;Media;862446343;5893
Europa;Croatia;Doméstico;Crítica;442281520;9785
Europa;Switzerland;Bebida;Alta;289702451;8248
África;Angola;Bebida;Crítica;879757964;8787
Asia;Cambodia;Cereales;Alta;507809388;937
África;Pakistan;Doméstico;Crítica;239530551;1268
África;Malawi;Alimento infantil;Baja;760907781;8376
África;Botswana;Cereales;Baja;128239905;7893
Centroamérica y Caribe;Saint Vincent and the Grenadines;Alimento infantil;Crítica;518138253;7478
Australia y Oceanía;Kiribati;Snacks;Alta;577526652;1825
Centroamérica y Caribe;Honduras;Material de oficina;Baja;373641431;7657
África;Israel;Cárnicos;Baja;944031417;8730
Asia;Brunei;Bebida;Baja;246557939;828
África;Senegal;Material de oficina;Baja;809394824;6770
Europa;Iceland;Verduras;Alta;281028401;1404
Centroamérica y Caribe;Haiti;Material de oficina;Baja;880257499;6610
Europa;Switzerland;Alimento infantil;Media;846193444;6299
Europa;Italy;Cárnicos;Alta;288260066;1414
Europa;Romania;Cereales;Media;736193692;4928
Europa;Georgia;Cereales;Crítica;190043151;6846
Norteamérica;United States of America;Cárnicos;Media;770169770;9205
Australia y Oceanía;Kiribati;Material de oficina;Crítica;167247378;1071
Europa;Bosnia and Herzegovina;Snacks;Crítica;192262303;3543
África;Mauritius ;Cuidado personal;Media;926513373;4751
Norteamérica;Greenland;Cárnicos;Media;271611917;4857
África;Zimbabwe;Material de oficina;Crítica;699481761;1052
Europa;Belgium;Ropa;Media;702359235;2560
Europa;Luxembourg;Verduras;Media;642793166;5637
África;Sudan;Material de oficina;Baja;503644883;8568
África;Cote d'Ivoire;Cuidado personal;Alta;338088214;6670
África;Rwanda;Cereales;Media;719609487;7293
Norteamérica;Mexico;Verduras;Media;492007529;4816
Australia y Oceanía;Tuvalu;Verduras;Crítica;819393670;5651
África;Guinea-Bissau;Frutas;Crítica;236191737;3239
Europa;Greece;Cereales;Crítica;497138059;3054
Centroamérica y Caribe;Haiti;Bebida;Baja;727281463;7601
África;Yemen;Cárnicos;Media;571983277;1417
Europa;Russia;Cuidado personal;Baja;646917331;6069
África;Tunisia ;Alimento infantil;Media;288069951;5155
Asia;India;Verduras;Media;701739966;9305
Asia;Taiwan;Cereales;Alta;914538705;1181
África;Morocco;Snacks;Alta;923389995;474
África;Zimbabwe;Bebida;Media;345530164;8909
África;Lebanon;Ropa;Baja;668508040;5240
Australia y Oceanía;Federated States of Micronesia;Material de oficina;Alta;300184953;253
Europa;Macedonia;Frutas;Baja;418734729;1766
África;Ghana;Cosméticos;Media;922643697;9628
Norteamérica;Greenland;Material de oficina;Alta;880710685;718
África;Bahrain;Doméstico;Baja;782047021;3947
Europa;Serbia;Alimento infantil;Crítica;286076533;5258
África;Lebanon;Alimento infantil;Alta;472535550;2625
Europa;Monaco;Cárnicos;Alta;691472899;1052
África;Iran;Alimento infantil;Alta;813249909;7575
África;Mauritius ;Frutas;Media;778540408;6263
Centroamérica y Caribe;Saint Kitts and Nevis ;Cárnicos;Crítica;148330724;3212
Europa;Bulgaria;Frutas;Baja;353919684;1554
Europa;Italy;Ropa;Media;646918618;6450
África;Namibia;Verduras;Baja;349251353;91
Europa;San Marino;Bebida;Media;203154218;6702
Centroamérica y Caribe;The Bahamas;Bebida;Baja;121176040;7538
África;Lebanon;Alimento infantil;Baja;536178147;5884
Australia y Oceanía;Australia;Verduras;Alta;151334369;2058
Asia;Tajikistan;Cuidado personal;Baja;890131032;8408
Centroamérica y Caribe;El Salvador;Doméstico;Alta;246366965;4315
Asia;Indonesia;Cereales;Baja;734153497;1189
Europa;Sweden;Cuidado personal;Media;437914454;7473
Australia y Oceanía;Tonga;Doméstico;Alta;662386167;3641
África;Mozambique;Ropa;Media;982617461;7198
Europa;Andorra;Cosméticos;Crítica;593969666;7678
Australia y Oceanía;Solomon Islands;Verduras;Alta;562116611;1651
Europa;Romania;Verduras;Media;673044621;7715
Centroamérica y Caribe;Saint Vincent and the Grenadines;Material de oficina;Alta;783052527;1499
Europa;France;Cárnicos;Baja;368751657;664
África;The Gambia;Doméstico;Baja;777065837;9904
Australia y Oceanía;Samoa ;Snacks;Baja;275231397;5941
Europa;Serbia;Ropa;Media;800797164;2531
Centroamérica y Caribe;Saint Vincent and the Grenadines;Cosméticos;Alta;311624467;5460
África;Syria;Bebida;Baja;435887134;7544
Australia y Oceanía;Australia;Verduras;Alta;622071492;3633
África;Cote d'Ivoire;Cosméticos;Media;388976371;5607
Centroamérica y Caribe;Dominican Republic;Cuidado personal;Crítica;675713098;7376
África;Rwanda;Frutas;Media;691705501;9884
África;Chad;Cosméticos;Media;166689908;6103
África;Kenya;Doméstico;Alta;700715148;6039
Centroamérica y Caribe;Belize;Bebida;Media;814142549;1727
Australia y Oceanía;Palau;Snacks;Crítica;897645938;2236
África;Equatorial Guinea;Material de oficina;Alta;962211644;8663
Asia;Kyrgyzstan;Doméstico;Baja;189138495;9139
Asia;Bangladesh;Frutas;Baja;980037820;3824
Asia;Bhutan;Alimento infantil;Alta;406833446;9912
Europa;Macedonia;Cárnicos;Baja;561761701;6626
Australia y Oceanía;Samoa ;Verduras;Crítica;907371413;220
Europa;Austria;Bebida;Media;526523911;8981
Europa;Italy;Bebida;Alta;372393023;8226
África;Bahrain;Material de oficina;Media;118465077;5304
Australia y Oceanía;Australia;Snacks;Crítica;408538901;4594
África;Nigeria;Cosméticos;Baja;606725823;2509
Europa;Spain;Ropa;Crítica;147449672;2489
Europa;Hungary;Cárnicos;Media;785446774;10
Europa;Bosnia and Herzegovina;Verduras;Baja;745765960;7575
Asia;South Korea;Cosméticos;Crítica;573768556;9721
África;The Gambia;Snacks;Baja;885128390;8015
Europa;Norway;Bebida;Baja;115831792;6056
Norteamérica;Mexico;Frutas;Media;372177588;4474
Europa;France;Cosméticos;Baja;680777108;5930
Centroamérica y Caribe;Belize;Frutas;Alta;138554179;115
África;Malawi;Bebida;Alta;162745130;8755
Asia;India;Cuidado personal;Crítica;440898787;604
Asia;Tajikistan;Frutas;Media;280876481;6447
Europa;Finland;Verduras;Baja;860852038;4103
África;Rwanda;Ropa;Crítica;279311788;3420
